,"v_1","v_2","v_3","v_4","v_5","v_6","v_7","v_8","v_9","class_id"
and,-0.5998655980554012,-0.7759891973831121,1.169754736638962,-0.772826528168772,0.7156521329741893,0.21025708784631048,-0.611478033873635,-1.4529130586962897,0.3460370792220926,1
had,-0.6991938607880789,-0.6946228648911119,0.12972037787514187,-0.6739333878511627,0.7210258637655798,-0.130498710045367,-1.30958227299042,-0.414836311624001,0.50196988847065,1
long,-0.8830050282036487,-0.9566397822888046,0.1104851020968539,-0.4471946624193759,1.3011784779612763,0.3743987948595769,-0.8793907408675563,-0.6158811554002226,-0.18843255385161553,1
to,-0.7735194063258328,-0.4736198714648846,0.34514072471393054,-0.8714137827541731,0.8450754845906695,-0.45378461908639844,-1.085546106222893,-0.5440820510909418,0.4541082982143653,1
house,-1.2387748025963286,-1.112532525086751,0.6250710944787605,-0.5558845555065909,0.6405541652112648,0.5788126321171225,-0.7488105275449009,-0.7227613879094148,-0.2706983730352252,1
splendid,-0.6299047289723245,-1.2790710494032091,-0.09044530963185754,-0.4622781677393295,0.9432081020277424,-0.23013552469443233,-1.0885563215090794,-0.7104580837217094,-0.03291255378807152,1
could,-0.7735998004176424,-0.8426317721748483,1.0960969920946544,-0.44840022983249594,1.0754359966787523,-0.40292343880059434,-1.4587719345549937,-0.7071254547388067,0.20129921243124474,1
wall,-0.8720977195767474,-1.3112950206981597,0.4936755730305175,-0.328248865595513,0.8914074625772802,0.040165845193029855,-0.09084297376478373,-1.3053429835952695,-0.02105835609784829,1
belonged,-1.0511200343352105,-1.0210763608442295,0.8337616275147288,-0.5782674780537292,0.09131084503341223,0.3649504219106222,-0.9998432189167303,-1.0424427954924098,-0.3607745702378754,1
an,-1.3028015161005235,-1.1893774484262505,0.43138002620024374,-0.6721522569615632,0.8819876042072115,0.1955365568952509,-0.4612867382637671,-0.8071582358237288,-0.14758562621673527,1
saw,-0.4447017732121087,-0.6245211013878499,0.2873251926934697,-0.9466649900605509,0.5944838049725517,-0.4536144192328765,-1.1776981099475552,-0.591846061123002,0.3233262391818337,1
bed,-0.7143616543364079,-0.19727895237068124,0.6649577325512958,-0.7211835715154841,0.7816134970703118,-0.35389410809770194,-1.2117761706001866,-0.8831558357577862,0.47205710993207484,1
wife,-1.0841120663764525,-1.0130361191372532,0.9119013850826183,-0.7551920906773891,0.9983073803279442,0.09083633984061783,-1.0239540999495134,-1.4175609885625713,-0.06730102514249671,1
replied,-1.0792552452039907,-1.1701948617288704,0.4247569882207684,0.12478696593546809,0.8335327981576319,-0.0840897700321118,-0.2033062774770792,-0.7310868930087476,0.1545226483149688,1
if,-1.1554179390036725,-1.1504621417182066,0.3748626876851456,-0.7953899172593736,0.7460336775828488,0.08984496218947102,-1.071402667810111,-1.2043569569510875,-0.389010291074145,1
thy,-1.1824254362755633,-0.443884370913135,0.7216302704284916,-0.37381140110594124,0.6118131309496844,0.08815301913256424,-0.5026856711794743,-0.8171705042013261,0.34195135468396737,1
evening,-1.2643602997810057,-1.2183595718726639,0.5336459184927544,-0.7337080525099812,0.38288579566769104,0.012430233254142314,-0.572693719481719,-0.8914941308799581,-0.27202632248913694,1
clambered,-0.8670556471568346,-1.066247405610754,0.5005564488421085,-0.9505794948890803,0.5776532926761727,0.11629560187576675,-0.9675748748178624,-0.8797784907476205,-0.6703652226428881,1
She,-1.3116288946480374,-0.4587483514250129,0.663075295898713,-0.4436896624194838,0.8050335441768021,-0.25262198038411465,-0.6458149478306241,-0.9871176875770559,0.1757033563463983,1
salad,-1.4016377872860402,-0.825082682570562,0.33223847528836425,-0.688990072300049,0.72200537450408,-0.10016275970942498,-0.8813417709868845,-1.096219779971127,0.07964805875971519,1
much,-0.978794929913844,-1.2411612384657762,0.13451583163637607,-0.3732044784507853,0.6313560489162088,0.1780166272611065,-1.3060784384686661,-0.9544306647135072,0.06040365781742063,1
before,-0.7964025837418242,-0.6232272507450894,0.9352280735037933,-0.6062925246726261,1.0565059519925348,-0.4918225137286147,-1.4035770874344171,-0.6063796059913451,0.29355134379887854,1
mercy,-1.4009694701679625,-0.9598832722139079,0.46085294966988033,-0.3665632270390015,0.9404055430645608,0.1344026401379102,-0.4955589275302565,-0.9217276420428823,0.15937409294789784,1
out,-0.9161030239938359,-1.3529400156414826,0.5800436687935029,-0.784952923426815,0.511901011837613,0.07502619052567666,-1.208015670923372,-0.3931809355579018,-0.42971077681244996,1
condition,-1.0307097087978665,-1.1784256440652534,1.0738567656738847,-0.7314404801931101,0.6970420233116212,0.21366566108904922,-1.1551317364296947,-1.2969317021305573,-0.25388718539239097,1
treated,-1.115662147178783,-1.3006531730230113,0.37841637375892345,-0.5521716683664802,0.9484479368788177,0.13116663993861302,-0.2319644659802166,-0.7236428301013631,-0.09160760515326703,1
mother,-0.6341184082789355,-0.9921262520067085,-0.04657611182510694,-0.4390748433261119,0.5461695593923229,-0.21730607875860106,-1.0721083295273657,-1.2841060273737375,0.025604013507382655,1
terror,-0.45596462030475066,-1.1992821657946258,0.058746516073895104,-0.7404590560964806,0.6912834006663687,-0.12659961247126403,-1.3126257839702995,-1.1043254665950581,0.2393161033289592,1
appeared,-1.2766702769869704,-0.474558680839573,0.43500677357439627,-0.7139897199070777,0.8784016710331572,-0.24056345752945554,-0.8992259150278483,-0.913408597790553,0.23190989267312473,1
nor,-1.2674806015384403,-1.2376656126683354,0.5575112083746355,-0.4657172664303924,0.2886472056502576,0.32493420225409747,-0.9088135636204709,-0.46426597819152476,-0.21514531797613293,1
placed,-0.49356660740848285,-0.37636378363769435,0.9722136071845023,-0.8115845948473082,1.0929768005888683,-0.06319285066680587,-1.2261283458823329,-0.7932942044714202,0.12879455045705063,1
cried,-0.8057688561941871,-0.9319045519382433,0.9027717342559168,-0.5001233290702058,1.114995140826992,0.11515886595523807,-0.7144314874777591,-1.6398842053543554,-0.08498247589918013,1
magnificent,-0.39775256054340474,-1.0770350685191932,1.1198571299422246,-0.7879254512535956,0.7930870138622049,0.4584154113476653,-0.5121590697868909,-1.0156688512057284,-0.23981241905588624,1
above,-0.7622428610068409,-0.29618566549611725,0.6849265492602884,-0.8231154488473211,0.9558276811672848,-0.32367896498873355,-1.2239690303640032,-0.6377247313341253,0.36127813516769286,1
year,-1.0335202332006304,-0.8686069306676534,0.6855114890949024,-0.6930334938093103,1.0735760355181507,-0.04159127740209137,-0.8772232708136285,-1.5116610980285892,0.10319490585798796,1
through,-0.9033811525881803,-1.2901098674802451,0.42745389315605925,-0.5269795386751577,1.027649831912745,0.07036930224794088,0.00039892258932209504,-0.7123132222646985,-0.03845769417612202,1
went,-0.8631007544046398,-1.320620814296806,0.35926712856150095,-0.41198078283827094,0.9582376573725917,-0.0357926950611771,-0.015956055889750655,-0.6265793310570206,0.025680090096682064,1
charming,-0.7289669352417921,-1.0158237005277744,0.9185991935228603,-0.797792355750323,0.6966763388998899,0.2357786308695502,-0.68177971692129,-1.5787565505475987,0.32188324438811083,1
stood,-1.1310188666508951,-1.005131419065015,0.20349571942526,-0.6545243229488041,0.7843269440249694,0.007454800763947401,-0.7245617399437637,-0.35930168295305426,0.368152685432911,1
braids,-1.0084125074018764,-0.5354934647296289,0.7217418669098734,-0.3845497516629482,0.9135407079705472,-0.13337241907122996,-0.8368949487063068,-1.4587211837284555,0.35913806865367903,1
began,-0.9987614829293766,-1.33293711148557,1.171181224509863,-0.5803791992935646,0.709490987332068,0.23130690161448242,-1.009040990651735,-1.2551979121948342,-0.07069886053907413,1
been,-0.9416352679251779,-1.0285621356842924,1.046651781487462,-0.6580201893107265,0.9227161357470571,0.18987311276722077,-0.9035109084559414,-1.5759060652002996,0.025599327429013937,1
lost,-1.2967575967034426,-0.8886557433175906,0.7406843003484298,-0.624209612157177,0.34871258209043193,0.23568444597675337,-0.7611247966943049,-0.687816383973078,-0.19335335217541727,1
young,-0.373769337634645,-0.8279187193116343,0.7952736449155307,-0.8549718295066822,0.4210200891489058,0.20327543481394303,-0.4444244787210377,-1.3748518665409055,0.27397682896789344,1
Bring,-0.946560266629085,-1.03093510707066,0.42444022727220126,-0.7025374161358312,0.8744800394299056,-0.0019458590277664323,-0.9548849605788924,-1.577000343253923,0.21086798915340693,1
ready,-0.7694393861279345,-1.344240685734181,0.7029265946718859,-0.7178841486758498,0.6704233724781711,-0.16489276013537205,-0.14525709286237545,-0.6689948204453634,0.0029038799166639494,1
until,-0.9466878761932125,-1.0030540502584144,0.6600664735388806,-0.7830584631131869,0.8680838403166927,0.0006725401373443493,-1.306743734983089,-1.021032235010517,-0.5705965615977933,1
Tell,-1.4221405449994975,-0.6670969123292148,0.35481087176558757,-0.559362714941306,0.6680884268709689,-0.08591912694849865,-0.6461694273855731,-0.8118021906436886,0.09576424615281595,1
are,-0.9728435102578946,-0.9047375559847927,0.3059670168532657,-0.41888819438512553,1.25466496173068,0.46248420468361406,-0.5152005206126923,-0.6076198367005599,-0.20605688063126648,1
seized,-0.6413814039408983,-1.2305237525947121,0.18057678621105075,-0.4489226203411889,0.7959072133243411,0.06923124930472607,-0.9653556701233016,-1.3773083541460047,0.3665815447332546,1
scissors,-0.5492149546065187,-0.9288420836013483,0.6905330668694563,-0.8135284993316888,0.39913997568781795,0.25182197599485107,-0.622295663870175,-1.5712481075416447,0.2909012532761813,1
right,-1.2716177712294845,-1.0231875885472097,0.2624426027532102,-0.7497489710632053,0.8222846439724465,0.002650949304457758,-0.9544033451617416,-1.1602586095341227,-0.12715181146649474,1
fastened,-1.0925561140415174,-1.4693963264255359,0.6451351041963881,-0.7682218826701123,0.6183292518915603,-0.045459925518856116,-0.6148995118963625,-0.5864600282045426,-0.28395833075319143,1
venomous,-1.1508317692226988,-1.2393482743353263,0.8181768744218891,-0.7001962671058173,0.7625700116807478,0.44046661560073846,-1.146576993803035,-1.1984913704013473,-0.13821071104755725,1
fetch,-1.3565382733985814,-0.8440061012776325,0.523337613521072,-0.5263327652010836,1.0631201189727135,0.012721265294506765,-0.6061978772822096,-1.0341609920007846,0.09852348449476654,1
cat,-0.9135858163200351,-0.4400301069709422,0.41470609499192046,-0.708383558790033,1.1138754387416143,-0.3699747650748819,-0.6602283033581464,-0.44891108533770174,0.2764582993437218,1
thorns,-0.5656247881206962,-0.3178491219166291,0.6203331218898088,-0.8018414815818243,0.7961884725031284,-0.2501724068055778,-0.9820837138449549,-0.6704207180270286,0.5905446451513252,1
weep,-1.0259032418546394,-0.23624450408841743,0.5371438575753918,-0.4619407709958389,0.8503064140270286,-0.2985193759485909,-0.7881384451410031,-1.1231020091312343,0.43846836733984595,1
given,-0.9352141981264137,-0.5714988875445769,0.7032890731350647,-0.5085395599560464,0.8393036949323794,-0.7313136193082823,-0.8501441532051788,-0.6202683698867552,0.19797114460260382,1
birth,-0.7907591960927288,-1.0069757250940121,0.5980001572644655,-0.5171756868447033,1.0891072626115688,-0.050244225850774996,0.004714591586405367,-0.5848067666810441,0.10616906038119173,1
girl,-1.0248997052022844,-1.2518350187541345,0.8188625590155019,-0.7857287985480087,0.6082984144187495,-0.05976531121256004,-1.0315320209681826,-0.7336725691325172,-0.6259105691631134,1
familiar,-1.1084600535969507,-0.84282814722186,0.9531900447425545,-0.6966506792518689,1.0541406874145443,-0.20704793262323512,-1.1559603154629603,-1.1970468922505286,0.05819618890309123,1
Two,-0.7807456584020073,-1.1379839774106886,1.1414499742515463,-0.7615877682932987,0.7175135219931903,0.06306439263089143,-0.8326365206891478,-1.4909592401141354,-0.018539876297882615,1
tears,-0.33233396389824155,-1.1005897738004728,0.7126672414913482,-0.9466103787349666,0.6195749421584557,0.32358790004535964,-0.9977631313844241,-1.1120285721995309,-0.4195307752740722,1
led,-0.8755192836542725,-1.1353303299219066,0.881141555353623,-0.5994154788328727,0.8569872326954413,0.34337874221868697,-1.133819816338642,-1.3555471763925615,0.40311083208153053,1
once,-0.11606904336555267,-0.5529271304707062,1.0539948735761364,-0.26366107339398837,1.1441810018822043,-0.6004768370839144,-0.4467021785774875,-1.3216829674778878,-0.17052771325313182,2
who,0.17507382843407132,-0.45570422188115234,0.8145139800250922,-0.42878459168660615,1.1231433142133256,-0.2899800859248659,-0.2324567268790047,-0.8554157224853031,-0.18945828145385413,2
wished,-0.6626764394513935,-0.5445824319512255,0.640087593407529,-0.35860952000475227,1.0375634747175442,-0.32687720327914793,-0.0782193013724825,-0.39494397763872985,0.21550174181488327,2
for,-0.20670940995804446,-0.3647432874645185,0.9654788751446075,-0.295964321434268,1.1785847117759078,0.3983664054098707,-0.4530559680668228,-1.2809409155689242,0.2054454984085439,2
child,-0.7045312666071099,-0.1794930740810546,0.23023112392512463,0.03738469138994025,0.9038509331825668,-0.05487584540099259,-0.18781500979846677,-0.7736134059954745,0.12898307410693371,2
of,-0.7735306188367752,-0.4059564584879835,0.17100754089562076,-0.024027091160973218,1.0298333787014788,0.01888749753969343,-0.6130776126021819,-1.4273107543097854,-0.018478111492452275,2
their,0.13113058956816173,-0.49382032324017433,0.842268751597978,-0.2065141584171174,1.2989280059223178,-0.3355874462117089,-0.33751677678024306,-0.9913809790529404,-0.2271800686000797,2
from,-0.41163769164422365,-0.3413211897357971,0.7152210560461781,0.4976108145810817,0.5938148040389668,0.19743471229724505,-0.860468161461668,-1.3733916990567419,-0.014689959958445343,2
beautiful,-0.7137388899402058,-0.2972009014622286,0.42400791300648977,0.19918119772788387,1.0466442662442652,0.024493479533679093,-0.4923916871851512,-1.3008215666302687,0.05032004359884108,2
go,-0.47739431264684506,-0.7964636446067385,1.044770700675054,-0.49872985194835784,1.373138112185352,0.5329829786448603,-0.7218329637081707,-1.2068763306943986,0.14643000752267374,2
world,-0.6968859906738741,-0.3118244325998466,0.8013483328246468,-0.3309170096722461,0.907070176688705,-0.08305421300397928,-0.3248075091108419,-0.3697128930674109,0.3608020546561087,2
day,-0.05263252356377408,-0.3348643681392718,0.8064993611682928,-0.4862456765456702,1.1153198077770858,0.11290602151700761,-0.23193406245343448,-0.8856644684688414,-0.0670707091223369,2
when,-0.2738987144707507,-0.24902584438347125,0.22724823685938364,0.159713097680778,0.7373641661888806,0.03578145777807351,-0.22042860323113123,-0.377200283373045,0.05899952479524808,2
with,-0.6037095437129429,-0.8157509523645263,0.596149026780308,-0.5944742878335905,1.0722579163487862,-0.04732555227460922,-0.10290569734098919,-0.5945656930876393,-0.3442625861801988,2
looked,0.023295202390433676,-0.9343672229585803,1.2631462804901639,-0.4303605101504864,0.7275913311705908,0.10966387961763294,-0.30470958178604596,-0.9622729782233778,-0.3199885462789471,2
so,-0.13956709961299532,-0.13428519250378512,0.4972921334451169,0.021831371273671896,1.0279620343831486,0.17464312383982528,-0.4236507413427368,-0.9611237373411865,-0.21366997327619203,2
eat,-0.02915862174296695,-0.35112589082497103,0.6371188993300695,0.12318754146605111,1.0774649541964922,0.2911445254121137,-0.8300225504705294,-0.8735677360130659,-0.4292718334533153,2
some,0.19181589558058734,-0.11357798532819564,0.7523333896331359,0.2189757833775202,0.8944094161424482,0.08110870545953527,-0.879602808026364,-0.9659874992215178,-0.1500896476685245,2
alarmed,-0.38445405937754273,-0.2098035350275768,0.35568408023912995,0.18944364373775222,0.590105890650984,0.11493064439189622,-0.12492812272308948,-0.6831276767382448,-0.19831366991418506,2
asked,-0.3036927596190653,-0.47692177036657,1.0903675864860112,-0.7766100131423754,1.1708352767205605,0.21477837842761377,-0.8944101734098311,-0.8874046448151569,0.03922822426321945,2
thee,-0.42449035061194124,-0.5470114633055202,0.823416173452731,-0.5956308733686102,1.3019800032015332,0.5672139369772793,-0.7101633752424409,-1.1821879951249132,0.29674489593495196,2
can't,-0.13413400927169133,-0.22063775059686755,0.483282530512295,0.31178094892219876,0.9881309830834248,-0.13533394374189167,-0.42070162207746864,-1.025933186102765,-0.20639486964439585,2
shall,-0.41626842464076186,-0.43274460193083764,1.1039427720754225,-0.6810450557579284,0.8593040104267141,0.15805878231352907,-0.48118188244095456,-1.3446401194097974,0.42074618147876,2
bring,0.10135020029265672,-0.47610497371290095,0.78210401162833,-0.1845413593437592,1.2545072630111067,-0.3723427417717947,-0.27680215884695764,-0.9980384599158928,-0.2906024823974573,2
twilight,-0.3623935602735494,-1.0326776567206695,1.0671245529976157,-0.08600558366300923,1.3307533510362548,0.5183082182966697,-1.0045069009172083,-0.7981722805754997,-0.3472173103357161,2
herself,-0.20663061214873232,-0.18171355475818357,0.6730568907055483,0.13709103445609916,0.6842141807758002,-0.15596509750393253,-0.12147436213322312,-0.8104093863620868,-0.3048099417088593,2
relish,-0.1877273124931574,-0.08494481861971555,0.8271076589572427,-0.030865451294963816,1.0168149721392663,0.37363053548178327,-0.6893566025233026,-1.1226041898762673,-0.08935738220407077,2
liked,-0.14180664979096963,-0.4953530133025701,0.6892125630492003,-0.19839443554086206,1.3199063595489513,0.011750074647335039,-0.15694094968206573,-0.6607925642590083,-0.3298631082547104,2
times,-0.5681823652854646,-0.44565359201979016,0.6385150105982687,0.054070445170073665,1.1420176557942463,0.51299634460606,-0.5224487764239992,-1.3281470048339385,0.04045834045488515,2
descend,-0.29342878062487693,-0.3778651876251038,0.6123070966788552,-0.21484361790397621,0.9188006468769002,-0.19185658650044846,0.11221752936923224,-0.4544280445569776,0.15581100316301752,2
dare,-0.6140734207820251,-0.23558773104038142,0.3508572225258406,-0.5666720487350393,0.9532882934575756,-0.40406422328272684,-0.5436084525262607,-0.5785627737122784,0.48444307050317986,2
shalt,-0.41531538701131426,-0.4039383774827582,1.0161968825763792,-0.7408374182190501,0.730194394148543,-0.1174698434114905,-0.38554174570617006,-1.1241385585434331,0.4107522281576823,2
take,-0.03193354910024016,-0.7585506832379604,1.3632253964803644,-0.5120133626125893,0.4509247833075759,0.148720103591576,-0.646720983303935,-1.1772991853808283,-0.11761132141385233,2
up,-0.2851843928398877,-0.82107705200308,1.0227553173203598,-0.44179493113111806,1.0510653564212171,-0.2307668408091507,-0.22381201251107286,-1.47140297425333,-0.0747532376075182,2
felt,-0.627359976258944,-0.7903231587249778,0.34623142178651245,0.06621041265022666,1.3107822182743376,0.2513446873269591,-0.6485413157557285,-1.378770379915073,-0.29595545543686064,2
world;,-0.6648823895929626,-0.7362913078404514,0.48766402223723104,-0.2522801371749489,1.2876331873842564,0.23952410306700803,-0.09717005759291754,-0.6611683178526967,-0.24210577745389378,2
care,-0.5746746120546268,-0.7073866082921678,0.2657771307671786,0.12062932217985012,1.3273352463394426,0.44722904579173084,-0.6353157974900078,-1.058717940424441,-0.23504252841885087,2
brought,-0.3021832067602997,-0.3631920748383285,0.887546573880534,-0.655517585155325,1.3507801324218969,0.13770072481010862,-1.1340522355804648,-0.6287844767451695,-0.055297808516426454,2
tower,-0.5051819647513908,-0.741627080102524,1.0370845707244996,0.205937908157545,1.1417194885033264,0.48002151601352006,-0.7541250148519065,-0.43640936252015305,-0.3277455836667456,2
stairs,-0.5964106092559934,-0.5088322230881518,0.39804480613493537,-0.03953466804687133,1.1483652057671576,0.6308331506363711,-0.41921688594507456,-0.947147553237623,-0.19496635098694975,2
fine,-0.3432072479490083,-0.15389304682243807,0.36780215436797953,0.18880626810077342,0.807563769190614,-0.021935542966655237,-0.10173011569820711,-0.5598200259978208,0.011576739530634041,2
unfastened,-0.8597042239338967,-0.5945764302499988,0.177059742333022,-0.16057989487332947,1.2357654860289642,0.3887573081263369,-0.4529558915011185,-0.6297129900122493,0.046698717162189145,2
rode,-0.3628766906961923,-0.1857674334725398,0.5436286898134,-0.4716778479216988,0.9281531679997271,-0.2601611456373779,-0.5733182598250263,-0.9882324184135429,0.581208463960269,2
letting,-0.6311825797379589,-0.614350266833969,0.1298839761710248,-0.05056035358573428,1.3356576817689867,0.2848834973215893,-0.7096293570215702,-1.2708259355452929,-0.2993796705598716,2
He,-0.5199798451245452,-0.9846819315305675,0.7321979029461623,-0.2796645441959916,1.1866386764457368,0.23632259124371555,-0.11196952349653642,-0.9745253203949071,-0.13500870045185642,2
how,-0.5902705466370309,-0.7183743129352621,0.5840737663783913,-0.23018172420629318,1.4573275072931957,0.6125645888193245,-0.5573058603149594,-1.05433968473335,-0.12269389238321084,2
Immediately,-0.26711813849325844,-0.16647991894896075,0.7151193672226808,0.24506181601421528,0.5072101278461555,0.4123547348800244,-0.585634646294407,-0.894238429162955,0.05651047613649401,2
first,-0.06251429272894078,-0.6212687762612769,1.124822587177122,-0.1591801688137404,0.8636120213026129,-0.5239544565071527,-0.28281230553918657,-1.1654262103814008,-0.22184488121183996,2
laid,-0.623405464945815,-0.7229340734637648,0.2844098005965715,-0.09323548817998277,1.1075280889282217,0.697441946115099,-0.8075021405246076,-1.1596131939337675,-0.24960927203868907,2
comest,-0.6224059705990184,-0.7404591552320741,0.42927081524706795,-0.18831179216634436,1.491979622282046,0.3153524915318066,-0.6878774930771675,-1.2713952374194524,-0.40505576308449226,2
They,-0.8244663113761896,-0.44636161850231215,0.29265851209095683,0.11860447807144756,1.0169048534856615,0.07978209482018234,-0.541931781832376,-1.4305776862540798,0.07077909256170996,2
come,-0.4560141687427465,-0.4191577098854826,0.9802332642386496,-0.36286535184909224,1.1302345153944768,0.300347644655634,-0.5011602075222069,-1.3880310288501967,0.4167986182582877,2
draw,-0.36459820455234254,-0.6540232467727277,1.0599445283374496,-0.5016134079853383,1.3741570788003463,0.28334700442299077,-0.6287150074209934,-1.3250782921032782,0.15002965519040945,2
wrapped,-0.08522181583989383,-0.47473657401868147,0.9387233868917825,-0.06724078777349908,1.1172821156848909,-0.6395470917827901,-0.45083232209878493,-1.101781814407588,-0.3117881132986503,2
left,-0.6226244728096532,-0.32324593184370254,0.6238768533748992,-0.1865853587379216,0.9100496430510121,-0.23319513282216742,-0.09916899165855002,-0.4516799647275641,0.37361787015763176,2
pair,-0.33046610407203775,-0.7195514591150695,0.7045021018501032,0.5582956469972784,0.8052078997840024,0.16487135856484184,-0.8686452857973574,-1.4238849097125998,0.1091946055121076,2
cut,-0.371866356985472,-0.4866342767199741,0.9739915982980835,-0.5793193094161972,1.327746593222122,0.42477497689548044,-0.655881755798174,-1.1567109140792633,0.31705128641711444,2
off,-0.23500727401795243,-0.8786487301928079,0.753878474534478,0.17996027810177426,0.6133460745635543,0.6424721892649702,-0.6815925168038981,-1.3903846517845704,0.14520023414175315,2
where,-0.16855403922929593,-0.6253138723185758,1.0981880259546901,-0.21486988309462834,1.0692147722812333,0.40776239043535045,-0.48081991228687815,-1.2881430226777577,-0.15836575310485954,2
misery,-0.050745219244212436,-0.19419282628217321,0.7296257253573986,0.537704322205559,0.6705119670698353,0.019747485268903867,-0.8109254909171132,-1.146023782712485,-0.12467840852492733,2
On,-0.3281746552512138,-0.30384786561498733,0.707417037928998,0.21180648164489232,0.9889954971858618,-0.2251008278984391,-0.030604841748253044,-0.5830873048553371,-0.1249939752468107,2
mockingly,-0.3824262885115644,-1.0894128225985273,1.1959457508915996,-0.20115276567690563,1.3666917380719263,0.2516807300639632,-0.7471151730894374,-0.7003007940859424,-0.16985421607172047,2
has,-0.3946148514165126,-0.3845794331670552,0.9967188692209983,-0.4501891796617427,0.7949309074350681,0.07573959531081022,-0.2923945566402713,-1.1246370038900733,0.5447458965541566,2
scratch,-0.924932556540584,-0.48856210815196116,0.17089739599636528,-0.21074896736439538,1.0044271905303086,0.14461841440643922,-0.2907379905863594,-0.6415091235883761,0.34241916759912905,2
leapt,0.031138406709409146,-0.5613947251738631,0.9918312867971824,0.026201728182818584,1.3313249855729168,-0.2863822668807832,-0.6744982145497167,-0.3985216909571695,-0.052869668615431076,2
blind,-0.7491772602927036,-0.7281721882214122,0.24871298318978552,-0.2342932200310705,1.3761446725908282,0.5469441586513821,-0.756857092344243,-1.0510493680422603,-0.1511129966873972,2
berries,-0.11595011618197795,-0.6021722929698943,0.7451196266467319,-0.3002308222631415,1.1499783569718065,0.08138498116512982,-0.6819085384346314,-1.3879164514718414,0.4444045312335657,2
lament,-0.5532159026658974,-0.9755234281919593,0.9864688603636353,-0.22335957693190878,1.0597231917973442,0.7663932265354751,-0.8420968004385226,-1.2904073477858236,0.07084335900641693,2
twins,-0.37120176573878816,-0.2403865026920217,0.573878938079173,0.43546355687014277,0.7051417720856258,0.177176350413322,-0.573533465861284,-1.3080433654842931,-0.020639598117246902,2
boy,-0.5507151743914582,-0.5961046329334544,0.4969955603433565,-0.149075889928422,1.165281214041226,-0.30910524463486466,-0.06988118012514405,-0.38675650064482525,-0.004704294507876213,2
approached,-0.6695806237911411,-0.47569747312922445,0.922424828855111,-0.21116288291987056,1.0802820049426571,0.3460330685532868,-0.472336787762618,-1.159829857062179,0.5428025063546981,2
wetted,-0.28295141401767443,-0.4564063977418804,0.7568666469812618,-0.2699811193772872,0.9040335251809418,-0.032393945849111774,0.13894936067877628,-0.5107336412862422,0.1742473058054936,2
There,0.42855681095644915,-0.6650689127657914,1.1141135739761434,-0.18519711220501714,0.4360002320045568,-0.6407732262226395,-0.7151993306236291,-0.8522099172029286,0.1397187636679748,3
man,-0.27880271152463737,-0.4953562496379068,0.4080311369533636,-0.32198159643439667,0.4197853765479286,-0.7158422936277484,-0.8935472594132481,-0.3280805167197481,0.6343407649742308,3
These,0.3524673572472277,-0.5456399633936801,0.7959002657613876,-0.12161604886422056,0.024697810481470184,-0.48806347002219574,-1.2659962503543472,-0.6453371144009132,0.30992785904374365,3
be,-0.17257280804729652,-0.38117684679895925,0.39235821328170095,-0.32297359483968024,0.3977889184997607,-0.7870840341745979,-0.7857686383523408,-0.4790357858178827,0.6081307219953005,3
however,-0.08414285903999864,-0.7452555235292345,0.9101991162562075,-0.3569790062104392,-0.25432200698142715,0.06830640965246103,-0.38025383758713094,-0.6423975778244744,0.1393283206210062,3
dared,-0.08888785743869451,-0.24895085675125575,0.5138365793674768,-0.2164999127661896,0.13956928819484882,-0.7167023914674598,-0.9198185468254085,-0.6746687056097554,0.4495023223972302,3
because,-0.2858682686488136,-0.787767489233579,0.2850333448503416,-0.08212018823009157,0.0015002795599922576,-0.24255585085251025,-0.5234342051022448,-0.5464102620155931,-0.3988685193156865,3
enchantress,0.35805697792799135,-0.5894385416374436,1.1576410183957273,-0.031992763444995735,0.5938673710331396,-0.28830710003695764,-0.6672622296577667,-1.0274826211667643,-0.17903264603594132,3
this,0.10782987321099766,-0.8872305476295672,0.4076383652876166,0.23681215111737905,0.5895291683175449,-0.24505198033603592,-0.44047437703611053,-0.3359022991140612,0.4197710811403648,3
fresh,0.06199596004339033,-0.7987010218869606,0.42073769145194345,0.0877469782817682,0.580868050205801,-0.3118108662189922,-0.28238670565131074,-0.143194416487778,0.3132925528980182,3
green,-0.15188422173042795,-0.5986508161091681,0.7490911991109181,-0.37356274491317065,0.37567688144683065,-0.8863552485734437,-0.8576965512439486,-0.68432818641391,0.22789031755113698,3
not,-0.008665322906903828,-0.6960689936485879,0.142689028676635,-0.24552079478089364,0.3919754880825051,-0.055485695512881406,-0.14127633594386654,-0.11261024393332841,0.1444276954963844,3
quite,-0.18753004307824875,-0.7611898076151173,0.9191138615370221,-0.3284206422745813,-0.34945097903973404,-0.026603217377122467,-0.4133859638853624,-0.8471455019519739,0.03479173721132457,3
What,-0.465860913013166,-0.12352626909332898,0.6153270669245503,-0.4580141966832667,0.3441289811652644,-0.630273855647209,-0.6704521315134098,-0.8074602411636612,0.4170680679788398,3
aileth,0.23097270797918878,-0.5538840189374082,0.3569125815497963,-0.5805344522720456,0.7844014688132044,-0.13298201952996835,-0.3999960065547617,-0.6548591969113,-0.28744449326376664,3
behind,-0.06768006593013774,-0.5806213864057509,0.5165332774677448,-0.607367991986093,0.4660391696075712,-0.45618657148321995,-0.24032969029076157,-0.3007705040467298,0.34522489095781067,3
thought,-0.07201581319715172,-0.7309709681182593,0.14827819133563888,-0.3103149186262707,0.1378649237097619,-0.009806227303917458,-0.2791144914605729,-0.19146131311505254,0.1120417607095692,3
hastily,-0.18728870167105016,-0.9888179188964736,0.549764690167149,-0.38537324194974276,0.24725618837128735,0.007473699815295683,-0.17434286653214487,-0.16913035199992663,0.26369158328712367,3
clutched,0.35185310951671467,-0.25100613950414596,0.832373557999069,0.19070609832728339,0.20851137402924722,-0.4995101347056596,-0.8960194003185334,-0.6514780203887997,0.09748733468508505,3
made,0.29548297933018025,-1.1538445862328526,0.5359477145415475,-0.21432796766350345,0.7007292207522222,-0.1573641804002516,-0.3604267921483655,-0.43512459353341915,-0.20737180882855935,3
rest,-0.09567128974637219,-0.19655859924438937,0.48247710572679364,-0.36026996719936427,0.26737538135742384,-0.7906996556009764,-0.7352126469215515,-0.6466865357499931,0.5100073233970888,3
must,-0.5746243222509234,-0.4506897564171008,0.6019694766986777,-0.1502448829316894,0.2602577937427181,-0.6313864517093349,-1.3524144403684417,-0.3979013924997338,0.09655510991958294,3
but,-0.33589378631084293,-0.506083062006527,1.1929134154198102,-0.8145105301626187,0.30167545916011784,-0.062374570835792544,-0.8662735465843657,-0.6251893908029831,0.40908472898144643,3
angry,-0.20171760687932033,-0.5795058715585915,0.6327365514812303,-0.9660468705176175,0.45241902972775316,-0.3901268365793182,-0.5810190055562118,-0.6275684644918788,0.03519748536615434,3
Thou,-0.22308347481267285,-0.5332268445537057,0.5251727384774081,-0.5055228351583677,0.22764106663823533,-0.7878577494958945,-0.9264787043683242,-0.4601797597921164,0.4114809693629914,3
justice,0.09651111449039199,-0.6171334890294118,1.0264354425015316,-0.3609812903889437,0.07769548587459481,-0.07269590045539587,-0.3213548065086879,-0.5189518394528372,0.38856962912800685,3
necessity,-0.3276926446404957,-0.2593624021664332,1.0736117592659078,-0.5193293131444771,0.21209004540994833,-0.3844389412722694,-1.0459404020881533,-0.8721943230091811,0.451761582942925,3
would,-0.03072504047092765,-0.8264185163475123,1.0757353319820904,-0.023281898318352093,0.09970447478932633,-0.08122900874466595,-0.366174245262866,-0.45558986994439515,0.44579613533568135,3
sayest,0.02231892535356887,-0.5896112591273,0.8458895918500905,0.0307744573770941,0.15975606917760626,-0.23788335049595433,-0.1619928745565665,-0.40595064055940455,0.19505259875302422,3
consented,-0.2461742728635537,-0.699924176101886,0.08106800257543051,-0.2536297747167354,0.29800903803062023,-0.012773460651162166,-0.12406014311333906,-0.222761225916553,0.3008609236523146,3
everything,-0.4926887705801946,-0.3712008728343094,1.1240684682647801,-0.41543651112274566,-0.028839547743778973,-0.29878045134995723,-1.0844163854064048,-0.6683846873488503,-0.2213568251444922,3
grew,0.4628800444406619,-0.6672480031489932,0.7061368170870046,-0.11648691820450895,0.033204334666280984,-0.4801883159368588,-1.175333384625336,-0.8170620059208688,0.29954950195236274,3
door,0.4178785062007312,-0.7661677307862543,0.7034255788712068,-0.12064223958887955,1.780165447516337E-06,-0.3770046362730717,-1.2263170650684976,-0.8110796002747995,0.3911878247281691,3
hair,0.04741731201744045,-0.4610879504838769,0.39569621841587543,-0.30083960321180586,0.029890956693462273,-0.6880606272512372,-0.9489481433711985,-0.5558705404964185,0.212373188490006,3
heard,0.3208676073242285,-0.4097105288355633,1.082230394037425,0.25558520271701957,0.15290897716839436,-0.26134123637814155,-1.208515134362776,-0.869101658164196,0.19113223658021755,3
hooks,0.2412060198314302,-0.666669350436523,0.6628207989765674,0.10122221003528661,-0.1580856859946959,-0.19568891615707265,-1.2246240725677298,-0.8675512297135854,0.1475707261112073,3
fell,-0.22276190942164134,-0.19096479437295732,0.48089805936240865,-0.4314152964030484,0.3377343926544468,-0.7633164673144629,-0.7096253225595447,-0.5934098846248882,0.49634445298386026,3
son,0.3127399144193924,-0.8201337994011291,0.6081922702178323,-0.2117177493093667,0.7245035657992858,-0.2467918072909922,-0.37960989231232484,-0.22956541722797497,-0.48748484014166765,3
listened,0.3749405982814562,-0.3926633357905799,0.9606801987091297,0.052304152045007754,0.1344772491518206,-0.4938518625078065,-1.1135291384124248,-0.773422895059993,0.3535611504226201,3
passed,0.0336181892948866,-0.8943244784217326,0.7214381682898329,-0.059486704308259246,0.42263177596607626,-0.27953394001469917,-0.19978429511574616,-0.05245149387650256,0.08608341377659733,3
climb,-0.13718347511097043,-0.3634024530802912,0.5245689538950932,-0.18087344515674753,0.4215520915027545,-0.8121282872792216,-0.9469410918188325,-0.661558751647021,0.5693372972813182,3
tree,-0.12524840182652058,-0.44307134040311347,0.4045406056966117,-0.9916622905468655,0.6712502634278096,-0.2002986448149504,-0.880026677285347,-0.37456470282295434,0.01982012522659507,3
mounts,0.013984757467364654,-0.5932997043227085,0.2617797835397241,0.07511239191402744,0.5654384847136306,-0.10827738529360098,-0.24902983598009248,0.014551336552514997,0.10482068214712695,3
try,0.5165237630590251,-0.6266160847616025,1.0331270053394281,-0.159290170957424,0.5076699954329578,-0.6360640943788991,-0.8384791964958104,-0.8735229778448321,0.33775048113198963,3
never,0.036863361218018885,-0.9807320028378933,1.0137242940024396,-0.3082060890796039,-0.19156168892510164,-0.3699090752577061,-0.6576843327046348,-0.6296242838070983,-0.05793595168985398,3
yet,0.28889001569971645,-0.14847528863648113,0.9315242229979849,0.32784435161202335,0.5441300148889063,-0.11313896958848091,-0.9465103494518573,-0.8735480691599746,-0.025608878218982053,3
her;,-0.29921835172230676,-0.6119383329077558,0.37116560669489973,-0.9627664406058847,0.7808454807307631,-0.14527907316768432,-0.6898243724287001,-0.2185287227932286,0.19727717319717894,3
forced,-0.6120875170145134,-0.26330592025653904,0.9021008708721611,-0.6195004772361626,0.09885638678264382,-0.22863686371768197,-0.7272571277032588,-0.7339821855405947,-0.288183515502265,3
see,-0.6387352170079766,-0.4247747917135171,1.0820314187153102,0.14048292682794977,-0.16704279250219872,-0.26835054974216443,-0.8872567512650631,-0.9411180947959341,0.22120472565110216,3
Gothel,0.43377466277043436,-0.6363443331430422,1.0731129745812873,-0.05770674645682783,0.6223497637361833,-0.6604382582341527,-0.9461385027510123,-0.9442777292701029,0.41553030647048755,3
yes,0.22596092383829278,-1.0041260184043368,1.0296022147742512,-0.1998008485092467,0.27702520166164657,-0.47213238064800417,-0.6774141439224595,-0.9758122398111022,0.17854275830731647,3
hand,-0.22306981148678093,-0.3818846048671842,0.399801289456704,-0.34240677048298324,0.5591917929129748,-0.3867361883534186,-0.07094139560699249,-0.3532296782244657,0.3676100120928226,3
willingly,-0.032568339577556595,-0.5489589294711655,1.0051002040754067,-0.15194349190428236,0.3717870203876395,-0.6278887613720652,-0.42540508215374584,-0.9700288449890444,-0.4029820938789546,3
horse,-0.12440154260134006,-0.9445771032028406,0.15647100277582626,-0.2786251513385052,0.3100770385700592,-0.11833560056888928,-0.20421662575160682,-0.20244735877457384,0.36272391039757024,3
agreed,0.36111834802903464,-1.1476245237608966,1.039982738955323,-0.3616464603486557,0.10381441836494981,-0.16939973233712616,-0.6926344948259172,-0.5344561949652357,-0.13208288030884174,3
son—he,0.3247307819962874,-0.3845141999312205,1.1225994156792698,0.21842657392290854,0.4448287151594393,-0.3213847052884668,-1.073598424161432,-0.9296457505648487,0.13221362792076174,3
wicked,0.44742627626920534,-0.6170961334052136,1.017462806699996,-0.10885445969231933,0.6650778839735894,-0.5965786243718416,-0.8264021935274422,-0.8422170096136677,0.37839966007075243,3
say,-0.5900364596796379,-0.24954701169235663,0.9697443443223431,-0.5789214967614182,0.32890900281343566,-0.3649481873017496,-1.1168979512133381,-0.7903969097555069,0.536250415315224,3
hast,-0.13502995660809664,-0.6230882739642273,0.7637674101547413,-0.10457842071001132,-0.15914253591625951,-0.7016643615390287,-0.8933573769975856,-0.709810807668457,-0.1761988702430541,3
deceived,-0.3185016317384342,-0.8192953832503906,0.6983236361876095,-0.355758523722443,0.5959298714715835,-0.1804597630247227,-0.0019763475400832843,-0.1890993817529629,0.3602019146465792,3
same,0.3013375232645727,-0.5534700213222196,0.8413518836127148,-0.005573065651851046,0.7247747291316519,-0.39396159847939377,-1.061407264022809,-1.1509313701316868,0.5608231709910777,3
ascended,0.33623881094546243,-1.0462458099731307,0.44181021578343027,0.043123189350971966,0.6897182355365049,-0.24596458510237365,-0.5110879595252783,-0.34804813786579836,-0.043629983076981814,3
did,0.2276034861186114,-0.43143847063583696,0.5121440807321852,-0.1638610388606428,-0.04218737576367487,-0.5379025488030507,-0.8142172358283255,-0.5890424672728775,0.15495446726354073,3
sits,-0.1809622489642896,-0.6395352837702816,1.0125415675652438,-0.3150647675317913,-0.29181142395874227,-0.08763913896031196,-0.5188703701040307,-0.7421279055679442,-0.08317119598155238,3
longer,-0.47150662750562405,-0.2884526554688527,1.098463865780963,-0.04939462500906709,-0.14644032457364473,-0.217806780973444,-0.7872656378155453,-0.8398847746159541,-0.17375836504697867,3
escaped,-0.0034718161219840535,-0.548916667265541,0.5812641633759285,-0.9214624358735165,0.5466897771130548,-0.4473195597217242,-0.653415770317689,-0.6046508751351262,0.06910592054456843,3
received,0.23043848925683466,-0.5362003798155967,0.6658913618798751,0.22424211644571515,0.6947764242871981,-0.4006803318892956,-0.5994847351278654,-0.2121503810148162,0.07757352564430754,3
woman,-0.7337656788341415,-0.8331971075297805,0.23431656433055545,0.13119425815482536,-0.19737600763180957,0.3560625475485445,-1.0576993152615641,-0.40782204500407276,-0.30751677165679553,4
vain,-0.4163456581599738,-0.8956786035550719,1.1538643673048985,-0.12327630650035346,0.002537174424975219,0.243692940381688,-1.477428538556126,-0.5002761232839508,0.14289479448530965,4
that,-0.5130287018213011,-0.7529738579023203,0.45250827155410295,0.23678408196800416,-0.06414082537223516,0.3752733140895172,-0.7867256654107342,-0.2022070279441327,-0.4311912628141037,4
grant,-0.24545280950900522,-0.6750054767349009,0.8354476904262527,-1.1398713923332688,0.43206774023486505,0.2443319818777195,-1.1742898772109556,-0.7222278788512141,-0.20436058323618203,4
full,-0.7093469770737495,-0.9205994901277945,0.1430090324404331,-0.07293010867822292,-0.2581328404434454,0.15591760832514465,-0.9134319829153557,-0.5476985017519187,-0.2003248608847847,4
herbs,-0.5832609129794121,-1.1554521418838963,0.8510139300554691,-0.06347026088904698,0.8524852747024946,0.9136585337811807,-1.0844495538267256,-1.0730500548313133,0.055066751616350496,4
surrounded,-0.23875607391897602,-0.5761922289613294,1.2533021732898366,-0.3458434096568258,-0.04221074889846958,0.21148944998204663,-1.0906470757160125,-0.9248985293326253,-0.16795301375264243,4
all,-0.182393850699123,-0.5240526991833427,0.6977841303782921,0.1379352472725609,0.46022310141750655,0.5754691632271122,-1.5032818608356076,-0.8678424798609711,-0.21397562464408806,4
longed,-0.28166500732186867,-0.8989061452731845,0.18954891587570627,-0.04239692928164348,0.8069257052199179,0.7322258034159334,-1.258110531559698,-0.6740871948655667,0.02301466763226042,4
greatest,-0.6801487097623572,-0.6892244308830594,0.373050485062586,0.24729881329687525,-0.053693319970462706,0.5710707886971671,-0.7382416127804861,-0.42038687514326056,-0.31942408332797884,4
pined,-0.25787651201650846,-0.6685627950950137,0.8122075870279065,-0.6001181293847153,0.19459322582785063,0.5859586460831224,-1.3937521103663189,-0.6831958489704947,0.24245409033723755,4
dear,-0.18513696162471663,-0.6535987046540123,0.65909899949353,0.09236340384685773,0.2573703547965181,0.47361175724873583,-1.4311787563514615,-0.9551767335608086,-0.5421038131986452,4
The,-0.697892817126759,-0.6473170760993917,1.072378747331247,0.1683712665735995,0.02052583542687678,-0.13683136137802615,-0.9589047737185789,-0.41177949433776617,-0.581931721074124,4
loved,-0.0031427065188258975,-0.770050915384369,1.1267460888600993,-0.4468425817854869,0.3485719227738695,0.40234965276617785,-0.5826288228223359,-1.22864205588233,-0.11592121542108537,4
Sooner,-1.0474083229796813,-1.084089330259472,0.50214994399012,-0.3080484308099537,-0.19714983637775052,0.07591414986194125,-0.9706643138225628,-0.6627658022496318,-0.331809455792236,4
let,-0.47616429220650275,-0.7031299948551188,0.28935458162516353,-0.158800006782346,0.19129860555678335,0.6445800997126739,-0.9457117622827771,-0.910401799436771,0.3997090252163977,4
what,-0.08665522737593492,-0.8172171100927799,0.401848581933107,-0.20725499728432634,0.03979550536213694,0.5174665764558949,-0.7283792054395313,-0.2763868006644257,-0.4125070368327554,4
he,-0.8528668320665637,-0.8283609730417721,0.41975469354937744,0.0804318677545574,-0.3025239445905154,0.23874427281990993,-0.7941185501415151,-0.48694687167828066,-0.30547950714121513,4
ate,-0.2088386899475862,-0.7972127596853333,0.7892476190273175,0.024851053025459393,0.24754976619997654,0.669756293190821,-1.4531695825648998,-1.1625818018690375,0.17907609921655274,4
have,-0.25806787977618956,-0.7035389392588138,0.7803234096564952,-1.0547339380688854,0.3296589903272355,0.44897621647511415,-1.1240770491602936,-0.7991257578882484,0.09892739435346244,4
therefore,-0.29154452225780497,-0.6958810739325341,0.4948301135860257,0.0006027051580544617,-0.0826183882909253,0.4604046826890689,-0.7197586017156331,-0.20615726217598415,-0.37353089031532605,4
him,-0.2363849733492404,-0.366954151009919,0.6735249540429425,0.23787000663182384,0.3245744585855274,0.4872870522775963,-1.2460957186988102,-0.8396267476971537,-0.42124334447743045,4
canst,-0.20193894732785353,-0.40393570862377576,0.3280256046316592,-0.06492349637738144,0.46491481310449184,0.5602813839392281,-0.5751571347881472,-0.514570781872791,-0.3529624522856607,4
thou,-0.945050061195192,-0.6497147574983346,0.43976342670889057,-0.2602775125587352,0.007491657227858262,-0.1844128054320769,-1.0648437203642416,-0.8852906667470521,-0.46940021463998804,4
steal,0.02184684074738047,-0.6568585694943009,0.33990933518910027,-0.5065914479552326,0.1098947927329744,0.4678299072123491,-0.7202635647611687,-0.31727772342174054,-0.326596413642187,4
do,0.018884322479567422,-0.7156841908917796,0.9663459018956873,-0.7649778356132797,0.36201271015305164,0.2794549003692188,-1.3906889654755479,-0.6913080932813385,-0.34297398099804016,4
case,-0.2747423997897089,-0.5852727458640927,0.49043942559702325,-1.005721365891287,0.36398948407498155,0.4438848468996517,-0.9896763633425194,-0.7842736080040681,0.14872673061195021,4
shut,-0.1719573406992444,-0.9579712170521528,0.5101973356746072,-0.11687815977345646,0.43788555053047956,0.9333711689407901,-1.38303132277753,-0.7667813315982753,0.10783462635585733,4
spun,-0.7280331221314147,-0.7810346759197819,0.3762944247748706,0.1727285454865288,-0.1608533754095056,0.4409696950507508,-0.866240582199718,-0.5379861723666419,-0.37450929605490246,4
voice,-0.48218130273006077,-1.133012697356551,0.6742261399366991,-0.07591256514153927,0.7031137227955921,0.9287483541232738,-1.3474843681687074,-0.7282531130089592,-0.05256776034072865,4
climbed,-0.23180311721760583,-0.7094992286745907,0.7491422210214808,0.012179540696371248,0.187812079552787,0.6196841330715533,-1.6118130026003474,-0.7140296851695909,0.2878711550601544,4
still,-0.5496557820415864,-0.9407240046056268,0.5519945192198895,-0.15262171553843132,0.06994695453366044,0.2585921593765882,-1.515324624907118,-0.18520135814381677,-0.5524249711580566,4
solitude,-0.42194652882449285,-0.8453078912190388,0.41149170256013406,0.0562942616000523,-0.32028143975702184,-0.07707254180147834,-0.8620472898612501,-0.5161637869851682,-0.33028958511070616,4
thus,0.04235123000541963,-0.889004026406534,0.6075505856885364,-0.04511599491195843,0.2554115372354344,0.7306298438677973,-1.4083435160454822,-0.9948720177224948,0.3706325133631986,4
eyes,-0.296887034108859,-0.6965107782072089,0.9023195856320582,0.176043529338623,0.054968359617796,0.26181013122279684,-1.4428519348243802,-0.8174796451007087,0.453242369313281,4
talk,-0.1766189956200875,-0.7117521692761554,0.4889885863685216,-0.661234570205336,-0.05943704407334889,0.40711091288879514,-0.568768905168063,-0.6125873848210266,0.10609982497094647,4
handsome,-0.23254778804636256,-0.7545746444247756,0.4795790359218376,-0.7849131598211345,0.1644610945149362,0.5204016682616825,-0.781770887699149,-0.44024225562273306,-0.2861030483290896,4
thee;,-0.3022029349292188,-0.5254331145274919,0.42785912612797816,0.04869516746528825,0.22473346181900553,0.6869211746741696,-0.8173967812672926,-0.8647768253347513,0.20086485647890123,4
clear,-0.034600797330791876,-0.7024756380753292,0.8421974745881231,-0.016042798990884552,0.06873852848028776,0.13123407400649548,-1.3698104464477492,-1.165021679911377,-0.3779709404312487,4
kingdom,-0.28083068897285335,-0.7623513810359986,0.45412274022944993,0.044898667428714484,0.2574275543552194,0.5794005626180659,-1.480080315942764,-0.7027433870251671,0.4268308188630438,4
contented,-0.14848509293759565,-0.6605416648307305,1.1076462221521184,-0.2170055094729364,-0.0953802077857867,0.2856312173242075,-1.1679575479931859,-1.010955254976212,-0.2518844124856485,4
were,-0.34446304954996043,-1.0951332231929656,-0.03262399172423974,-0.4804088096108141,0.6070257073578862,-0.17412464015853024,-1.256329477631132,-0.8090437086030733,0.6400949820006352,5
length,0.3163236340052215,-0.7317744150256754,0.9475056299538861,0.10088305291112326,0.10363864898135054,0.14131393964950892,-1.3115942632733553,-0.9578685547407892,0.4867189678912246,5
the,-0.3473935357214399,-1.4618592723249388,0.1582913491971575,-0.004660962211200839,0.7001865696433706,0.24363011902826587,-1.29733879092834,-0.2973760999017903,0.39575456038293455,5
her,-0.6172290538882069,-1.5304964576049012,0.5656586064143402,-0.2037279841299667,0.5154964818157292,-0.14215574887430527,-0.9345902997391624,-0.4952145958543041,0.7625076532414944,5
back,0.06538701585787483,-1.272681688230289,0.6612595216769305,0.06434243244372409,0.34011886102526523,0.5062244726215951,-1.3855147670343275,-1.060032919566578,0.4667147714123198,5
garden,0.1364909942863913,-1.1657390948100803,0.4715769538637504,-0.024080201826495964,0.3217240132426719,0.6548124423848138,-1.3396851999447508,-0.8238923507134794,0.4950479016628821,5
looking,-0.04454157040598164,-1.0439291158210016,0.8294968857654021,0.12001188652341464,0.7681726836704993,-0.0738530230031196,-1.0812514684070902,-0.6808906295867405,0.914353938742244,5
planted,-0.6313071877362569,-1.521420139274945,0.8446498397514982,0.0015174405467242357,0.659716546495501,0.19724957833191345,-0.8748354732627055,-0.7213723355858138,0.8559380943814949,5
This,-0.07958198522468717,-1.3122058025486631,0.25006462554848974,-0.6501415380620514,0.6358485696048222,-0.11591057248729872,-1.3456144423581695,-1.0415465057895965,0.37965703829395936,5
increased,-0.12524602819640399,-0.7837975805816814,0.6537708106206959,0.03049712357888424,0.5461926943294233,-0.3309863804821644,-1.2360590834773821,-1.1591229491595643,0.772517261562782,5
miserable,0.03222308117672229,-1.1391093301035817,-0.009495382228460374,-0.2877133669668905,0.5236586663452903,-0.33949308412605567,-1.0796004272121993,-0.819244699522625,0.5300519344164124,5
our,-0.4519328025312691,-1.2339118423842768,0.8065746661691553,-0.01513090333576661,0.5174955426197495,-0.17230776629797712,-0.6420295012538338,-0.35076169785498135,0.8236313255195442,5
than,-0.11902017203360211,-0.9145017506678997,0.37015093906467206,-0.21300844072133884,0.7262277621800385,0.06713563410178434,-1.008132292896649,-1.1329839120188043,0.8201757046560357,5
terribly,-0.08669935858158284,-1.6043892756104805,0.6721062558702438,0.010972769138439082,0.48766004361671145,0.12647506443908316,-1.2033775973508487,-1.2137761486099745,0.17019136737740362,5
My,0.004273289965655846,-1.4993346951037838,0.23845642427146038,-0.40683288167131787,0.5703888430281279,-0.2568930425201033,-1.2292084817877844,-0.8927207539699047,0.4371909865757547,5
anger,-0.07547190991593605,-1.0900786620001535,0.8558567316874305,0.09318218323756956,0.7913699944303508,-0.08815628000955378,-1.1146344780448574,-0.6415997751508572,0.8871876050373646,5
allow,0.45875919624834294,-0.8912822548594833,0.9421895002582331,-0.03498892167739909,0.14229413851522138,0.13025642835723064,-1.2283742928810866,-0.8977266551854418,0.4343114643793264,5
sun,0.1890025320797144,-0.8579697649310591,0.8627945311107516,0.040237560257809495,0.7210161648877886,-0.039291111353121154,-1.0933886786474667,-1.0744273366143957,0.8333349801584853,5
When,-1.004823416672409,-1.1867107008948536,0.7159131228130011,-0.040893506495945815,0.5903389178921572,0.3223829343245762,-0.7744209699415271,-0.7453457385524236,0.7347214947099185,5
twelve,-0.27446586946785384,-0.9684711808061235,-0.16779342621599846,0.0030010701560126583,0.726395288510639,-0.31847376278135364,-0.8302033396782854,-1.0532635970577646,0.1035229777094849,5
Let,0.2180825695540514,-1.0814715935960577,0.8033120324582477,0.059029712951734065,0.4093503176714976,0.3836338607320748,-1.3159067848308659,-0.9482342905658474,0.6991345978163873,5
ladder,0.035994357788193605,-1.3231954815994207,0.5319232056527686,-0.09356438258088212,0.41586669198242415,0.684656377559302,-1.456431718264446,-0.8041628318812217,0.158983183154435,5
friend,-0.3703179057560233,-1.4990901387515085,0.7026395751658018,0.21004814380915351,0.6238707234825851,0.47978429712614684,-1.1991363380854763,-1.1280486797843976,0.037617286954575044,5
silk,-0.14484115963518318,-1.1768879136277008,-0.11693589945891045,-0.29320155606937665,0.517689026686892,-0.15330598113550115,-1.0593312819316985,-0.8103096482785137,0.6345314562715932,5
happens,0.03553888685010957,-1.550733157891324,0.39982411909452,-0.2447436171126205,0.6297610719962661,-0.22352544911215247,-1.187940779514068,-1.162960482102408,0.015342168237052317,5
hear,0.12996167966406838,-1.1874845989393836,0.6107624584811072,-0.02334038782954704,0.3616531978759887,0.6263884328008721,-1.4099306308851431,-0.9488262260327816,0.4900675625924139,5
Rapunzel's,-0.20296031045593824,-1.2647296997747735,1.0603128083431717,0.2076060270711581,0.7073127788132058,0.1403609348812712,-0.7716068224238686,-0.8652799427877823,0.738767607607526,5
And,-0.5472390123739974,-0.5928131827450064,0.3648231058396253,-0.5412903789358877,0.6178462907697044,-0.34420353919552205,-1.3892196473191973,-0.6309940494911808,0.5998393971020568,5
looks,-0.7640205698100976,-1.4734716920062048,0.9419350528962502,-0.05932710253486516,0.7720840604760795,0.3727824392534859,-0.8086488190395583,-0.6529520576501585,0.708652302361016,5
pierced,-0.44638591886038786,-1.4248835281462873,0.8750974859254878,0.051506754760564634,0.6799926884963228,0.07628869318349688,-0.9831320081891894,-0.619054735413208,0.9243395837985048,5
lived,-0.27654124154320425,-1.2302186768339227,0.532274750612069,-0.40965184122699727,0.6532442921829955,0.35951802592824195,-1.3465662769869438,-1.0468109020114704,0.7094682285903015,5
towards,-0.9101694827834503,-1.379212859423191,0.8748235290079872,-0.1635180244014761,0.6188284538574435,0.3439023388715962,-0.7971205124675823,-0.7782027952068327,0.7267831653400223,5
wept,-0.10681260677828268,-1.1801470713327904,0.5366156065007277,-0.352898347581144,0.6308250580502791,0.0033613733486013144,-1.3855362146133823,-0.6866715038566266,0.7998776128361667,5
happy,-0.44166348930411176,-1.5503808344085965,0.9710843123000515,0.06944338924397468,0.6837662608920685,-0.01150239850611783,-0.77021816133086,-0.5234966999351509,0.7168509186894916,5
was,-0.684106407912492,-1.1008211883566186,0.7959202563416358,0.21671227998944317,0.28731888136901906,-0.3844643888831285,-1.1292689435343306,-1.5036052777074287,0.3940188064163742,6
desire,-0.7830534159853502,-1.313463108451604,0.9482675324073399,0.1764061669142776,0.38910275791328847,0.2626055537248048,-0.9933612102434418,-1.5660983947677687,-0.026454104184486946,6
flowers,-0.7901517852287462,-1.3706871627674693,0.6727998861676117,-0.5778273463702001,0.4658179079360176,-0.16773857322745403,-0.09402394639647126,-1.2533049306881943,-0.07631768928806795,6
no,-0.8143195733366805,-1.3665218728436812,0.7558362633636942,-0.19545304379530892,0.021306315211653944,0.03966423516174693,-0.6971433195635982,-1.5555113066465494,-0.15936939783794807,6
one,-0.18787684276379063,-1.2167246991502159,1.3377819876785855,-0.08868512368244565,0.5432800325433941,-0.6436221215246838,-0.6033002813861935,-1.1873504770870837,-0.17220596580231012,6
great,-0.3284142852824084,-1.2353651354524116,1.429478611040028,0.005281431212812099,0.5829992560621053,-0.4567994943346152,-0.6781486564874629,-1.2787740310148759,-0.1285536458850058,6
dreaded,-0.8204932318337699,-1.4125571251848419,0.4741785008596587,-0.10350185908971393,0.3156869012466957,-0.16130636854810418,-0.3356258368926962,-1.5532555860792086,0.025583787857310046,6
any,-0.9276661001711756,-1.4092415018708297,0.6530297155499792,-0.14314380746558328,0.16014188077201189,-0.25025213616840136,-0.4821631544235975,-1.6094117631109874,0.043845556470743986,6
Ah,-0.24786517013516815,-1.228210952524778,0.4735097619078509,-0.4171344519058948,0.3941726323710974,-0.455131581416536,-1.1625006562290987,-1.3336705907304152,-0.1042122092495624,6
will,-0.9255113050825913,-1.2222511781842966,0.732903580105768,-0.14433020744909467,0.1571415624055266,-0.41981808973106177,-0.7054443693712896,-1.4458572256890765,0.16467548665524143,6
If,-0.7828426781297718,-1.0212099412410067,1.2128968838139567,0.3720686111232605,0.5270862093274064,-0.1768861678493926,-1.0806083940043556,-1.3828719987876932,-0.12491558846426147,6
more,-0.7669303465756423,-1.445150885945951,0.6453694975849864,-0.041598147559094925,0.4206124260829973,-0.20042453377357458,-0.39830810282357226,-1.547775736897763,-0.14269565117289673,6
my,-0.4863297039247888,-1.0473998459510292,-0.09770763321900827,0.036361059637808946,0.3003290263051873,0.05696823716987492,-0.7334890217743745,-1.1271596947377707,-0.1954499572102804,6
suffer,-0.29479577169584703,-1.4910239713767657,1.0194646397782055,0.0765801355564335,0.39779345217101675,-0.278039525672671,-0.824818118256759,-1.4613839673834772,-0.07385799135033799,6
answered,-0.6631633907281933,-1.0925722281863641,0.722025240281591,0.018586838801110603,0.6675368805312986,0.5769496574571628,-0.9690777896643754,-1.6034459682497302,-0.22320825321429225,6
mind,-0.7975411975879356,-1.1514638112867956,0.768971852260752,-0.07818403345843634,0.7434070064139281,0.6451805411561968,-0.8068426716083376,-1.513062415131662,-0.17197398623484,6
got,-0.9691134558039887,-1.1773920373936104,0.8175283239781282,-0.00610293444074186,0.30699478324328555,-0.5920537884225343,-1.1632502599393668,-1.1440702647790792,-0.43094160948728655,6
make,-0.31734645547135903,-0.9625610007457435,0.6402819109086931,0.4307901995989546,0.7924723544063156,0.27227445209438067,-0.8183793699545898,-1.58454722868572,-0.042450981650168106,6
me,-0.15278456688112954,-1.329825967047077,1.264516930647465,0.006735822186711598,0.52468623371387,-0.5065434328460199,-0.6763146653972057,-1.3111853385889647,-0.12712748297981827,6
years,-0.7872683455891395,-1.4386357304642043,0.5347998154580743,-0.06984126749432489,0.10043815098840884,-0.07291183968725136,-0.43666394848849166,-1.3979589906399548,0.10759276789679124,6
lay,-0.9040998944511969,-1.3587252207468767,0.4503242775564477,-0.2243847787619571,0.3960299087091562,-0.17180284260567943,-0.19968435984974198,-1.434920206965938,-0.03910938066777031,6
braided,-0.6564906294486562,-1.7212180703216828,0.8475407259564285,0.012138526830039067,0.18388293872957512,-0.38470342348697567,-0.9661453686069954,-0.7830380297882212,0.10913473119419698,6
tresses,-0.41774136237270565,-1.4760936118162888,0.5700950859512189,-0.1303786303685472,0.3295685915021658,-0.18404270626232225,-0.5974675545326694,-0.7328823967402381,-0.5474377697622139,6
round,-0.629302107012409,-1.3137317250018907,0.8699816751168444,0.20246226312599336,0.23642536337005626,-0.4667264360031825,-1.15819157803892,-1.3849658145951398,0.17508931971516914,6
then,-0.954630337426597,-1.2381893741914567,0.5981448247326835,-0.2566945040965971,0.45808995200023656,0.4710588940697612,-0.9868779940963346,-1.3338295343950837,-0.39024985120411576,6
twenty,-0.6665257693568349,-1.3125502903532622,1.2863581103311532,-0.3685233221914135,0.3508466135509981,-0.39706399531829545,-0.8591691208445573,-1.150521383412145,-0.16658123234321348,6
none,-0.8517999804352687,-0.9456331273576948,0.5607164186303771,0.43936795134505763,0.6828974499819511,-0.23421112174617112,-0.2000179053455846,-0.7550260598595753,0.13751530739520182,6
singing,-0.8974831105721736,-1.2152634912832088,0.8868190715396084,-0.5241115809782267,0.18544867870119977,0.2088810147642924,-0.775918935241998,-1.2640372122460186,-0.5574939407339462,6
touched,-0.810249491305726,-1.3598542663845223,0.5940403036662041,-0.35324788015438385,0.5324969590237324,-0.27902905246188864,-0.18914512058114658,-1.4932486052903986,0.028794853505391654,6
heart,-0.33599556279563364,-1.248183324277793,1.1021979465422538,-0.2113918490316995,0.6276633138353965,-0.435939185631195,-0.24987500298006948,-1.3728701889425645,-0.20479962375932548,6
frightened,-0.3516380475332626,-1.1944950153531257,1.1752483731734216,-0.5539467462961531,0.6071863295152391,0.1916612795868147,-0.23588343524103736,-1.0242278898261432,-0.29390908388084647,6
beheld,-0.4553948620781663,-1.236909673017806,0.9719407458295969,-0.10313387494865615,0.11507563971398936,-0.05138897884958894,-0.5978706551566446,-1.5685265766894632,-0.1051376193372349,6
fear,-0.7244634898572218,-1.0259140473792439,0.7239901201309457,0.46319475500298135,0.5513210549385614,-0.08532850172933114,-0.2681214288818793,-0.7654712718634012,0.2517969725274035,6
Dame,-0.43560730373834883,-1.1368102075291941,0.8135058172562778,0.45454710483177163,0.823917221534182,0.15118162163895882,-0.8840846762277361,-1.5136325248465134,0.007820622568251593,6
does;,-0.7864451755721824,-1.3166290945023378,0.6063260366437018,-0.1409862579577486,-0.1341762788974753,0.0003816083442939699,-0.611034876870521,-1.3633113702601418,-0.03163453916252655,6
weave,-0.7538882620875466,-0.9322699109774626,0.4380155168942628,0.39614360959960676,0.5921652304333346,-0.34989254471466763,-0.3307335027947393,-0.8580217530230705,-0.1924622646482114,6
separated,-0.8312935457024218,-0.6424831497871372,1.0266043092319794,0.26773168971361516,0.0017302097305768745,-0.2578205468524745,-0.9561763995921678,-1.1957022680886538,0.39128768943515074,6
lovely,-0.383053888203167,-0.9974957178434829,0.09619176799972799,0.32741772151663884,0.43499775806157015,0.03700403365483253,-0.7708161981988224,-1.1534110964958222,-0.3438483755304704,6
live,-0.6127203620443994,-0.9424234441531504,0.9127225053194534,0.3490460791677114,0.10197679662560925,-0.2673081984940161,-1.147569360293113,-1.3125542002358626,0.4049528559892229,6
gazed,-0.9309841026829554,-0.7150429161186649,1.1291628217649805,0.16152337620823223,0.3232720776963152,-0.1737724366879057,-1.0230498732636413,-1.2667982431187337,0.4608792396766444,6
bird,-0.9056271706883559,-0.733938586206084,1.0597565731697782,0.2249389757311402,0.15019330024639702,-0.31190115777175226,-1.0188912271066481,-1.272561790814273,0.3261886485904363,6
roots,-0.856882155932501,-1.116320307101508,0.9042367945091604,-0.4623565033725069,0.07132890883796482,0.26957923356112873,-1.1677189111674007,-1.185516497964086,-0.5181658082379297,6
neck,-0.6726634292255346,-0.7854110873422284,0.8832943732588138,-0.3659702263341516,-0.06408137645123398,-0.5304683452764252,-1.0752041934662164,-0.968342740193398,-0.2896525811625655,6
joyfully,-0.884763743085713,-1.4275419778970717,0.626681962139827,-0.18433585265032745,0.16536884174767758,-0.1305638992066103,-0.30945567485735553,-1.5236678548150597,-0.01923702252964163,6
in,-0.5240712925259124,-1.6165825844273458,0.8043284758866213,-0.14389740098636802,0.15032152909759108,-0.3699034878447638,-1.1670136092630914,-0.5117385093156726,-0.11271086667718726,7
It,-0.4712159663792581,-1.1312602004783612,0.2346997479459352,0.14378418272325372,0.5627341728179814,0.006274889351596045,-0.9804340853107907,-0.20512439383468165,0.6460850225792469,7
high,-0.22597851804610605,-1.3579522442791936,0.8495103361256537,-0.3094770384700645,0.09764859686698,0.05678455516360968,-0.6190463212483516,-0.16197871903239464,-0.043882927132840845,7
into,-0.46870519263626526,-1.1707860104772627,1.0852226653522248,-0.11185708807623562,0.2645610056727982,0.016220367115290783,-1.3051595855105815,0.023746152448336288,0.2785439566371033,7
power,-0.7860580061483222,-1.2192631709387725,0.1171902502031649,-0.12679841793085087,0.644385675099601,-0.06836685485904306,-1.2811171069300722,-0.25155069112376544,0.5352794108387832,7
standing,-0.9596064130983408,-1.3681318998637146,0.5871556553370495,-0.39419327838203555,0.5534449627661856,0.3121660537314754,-1.36459646437146,-0.3298457532948085,-0.21893436229404398,7
as,-0.7907778155026804,-1.5538682560569996,0.30162500921954294,-0.17620884850907464,0.5681645487469735,-0.021444113836342184,-1.4228041728517447,-0.3071232173548596,0.05301178936421589,7
knew,-0.97917640549172,-1.273230547840416,0.43314343714441256,-0.14057958668596213,0.5941224339433346,-0.08843997003488814,-0.9188211215337346,-0.28750467310228345,0.6877219431481651,7
pale,-1.1540828892090453,-1.1323054750152868,0.26229969445984164,-0.4019961770066732,0.6063548696572884,-0.004629277940614856,-0.8516622310087102,-0.2867581533107445,0.5243981138433255,7
Then,-0.5889205367917328,-1.3897417248526356,0.12559967276014905,-0.1529430011684242,0.7094446030404508,-0.06589905523830317,-1.480522269207039,-0.1203740009085103,0.11138160473054426,7
is,-0.6635134050258078,-0.7964597692069036,0.056165416375869186,-0.5698896877084477,0.8991415513783302,-0.0184751090879344,-1.3219775203715336,-0.31390468979750225,0.3966801149492197,7
handful,-0.689837915239784,-1.1582657715508222,0.8103689802465516,0.27146471242296294,0.2468729257970944,0.049135508432201394,-0.49440962974774405,-0.22276195765075713,-0.28057410255686344,7
much—so,-0.46727092472500653,-0.985938805641335,1.0073087777099747,0.016666010629925083,0.9224473173951759,0.19472246622653042,-1.5123679671899442,0.210773813352315,-0.13991727425806916,7
very,-0.6744130319274952,-0.9591999981922129,1.1568527614192357,0.1928986184311612,0.7769374268805833,-0.046235279765818905,-1.626347722426258,-0.31157992492104614,-0.07187911889312858,7
next,-0.8415694849458314,-1.1377904293585817,0.7363237469287339,0.1375689202860431,0.21197875301764152,-0.07588751616746037,-1.0102739421228129,0.02355237932286375,-0.1469618695269904,7
gloom,-0.7656970955964755,-1.1072362604504513,1.0679074849073478,0.03123076009169831,0.8245817220497246,0.6676180307097959,-1.0621226063573528,-0.162980205359357,-0.10318139450320175,7
afraid,-0.8344989456764375,-1.204152120241204,0.3969983092485658,-0.07846126117737673,0.9136816587689569,0.012060914158693281,-0.30988093726588956,-0.24943514652194596,0.26740845304828387,7
said,-0.7454684465342774,-1.3231757404386286,0.6226734956295563,-0.006429093499506072,0.35571530118906947,-0.08474715845149557,-0.7237251244398997,-0.34319332189000706,0.7037070386442345,7
like,-0.42940290107139134,-1.1977774844860123,0.21652096439149718,-0.0602883461026677,0.774975076391908,0.21661104042574147,-1.3352069246336393,0.13300006235929446,0.08445683488823857,7
place,-0.5759383202385743,-1.1420473689035848,0.11993546786001967,-0.40026396435438444,1.06134018281381,0.36596758087026526,-0.9115514933365975,-0.12258163378328857,-0.22813002540147717,7
your,-0.36100213042125634,-1.4147524004173309,0.9978344525618257,-0.15021009552267037,0.4300926685634314,-0.10949496923686641,-1.2622552177715265,0.1382575278053517,-0.16216736102694324,7
such,-0.5302031289338729,-1.192457911449825,0.93754060679416,-0.024023734323112896,0.6943988686405163,0.26094046934355014,-1.5474307596819288,0.11210839964271192,-0.099836530977149,7
well,-0.6626847197672363,-0.5990623849289063,1.0420645413669203,0.011444702374376477,0.06798134545575887,-0.07239542007440694,-1.1345933748398083,-0.3574416292754426,0.5833092205667845,7
gave,-0.9483124926750117,-0.893617966367471,1.2249306409833365,-0.28138105158624915,0.7930196850865988,0.17373579403243733,-0.5537984423766154,-0.3272258672173442,0.09328713051574081,7
forest,-0.2034198684069036,-0.8947611873206442,1.1058823467183851,0.406716356810224,0.7331284764978898,-0.2833960712469192,-0.7509424735716825,-0.2569898900985545,-0.10946281796092795,7
top,-0.5118478747445008,-0.9339167760083675,1.1796911421106617,0.3966464448159629,0.607494251008587,0.453710488428966,-1.1086399081454246,-0.3055069241278036,-0.37731343883354096,7
wanted,-0.8345049119488211,-1.301350422480432,0.4982638660100665,-0.31392039453294546,0.2072175426039091,-0.03381852821216264,-1.2756611452338036,-0.06933805455594172,-0.17818736267339802,7
gold,-0.6191489491231967,-0.9976430489001231,0.9672084438067551,0.29597160924561605,0.5762416092982174,0.6208725910645595,-1.1381420006447196,-0.0889260786193904,-0.25119298141747454,7
two,-0.6487228740269142,-0.6880585202371844,0.8296178104882225,0.026989984627840753,-0.07966856510764353,-0.2817508885783904,-1.3740018162076209,-0.2414795390906104,-0.3434238671256215,7
came,-0.5646214076217501,-1.5802787753845617,0.8613722133948453,-0.2251085188792845,0.7461315981122958,0.07429147734260097,-0.6147041558343544,-0.3697045867554476,0.5021181144524791,7
pass,-0.47058679266357806,-0.9540670313135577,0.9891212047595763,0.3095202315261159,0.9943172626365794,0.08627360571018057,-0.9683468683211292,0.106017841144618,-0.06066594662785627,7
sweet,-0.4412327157020795,-1.1083154533623716,0.37183507260770027,0.0814664919166526,0.4711861965633416,0.10808019503841496,-1.0414392931197771,0.23062951158892342,0.23827477903088085,7
found,-1.2436788713131628,-1.2687984093247497,0.4750532761912926,-0.2931813516751979,0.36238890638078325,0.04901636731550136,-0.7832929781190515,-0.3534058281859492,0.3050630229780497,7
home,-0.7786382622539676,-0.8491732976429297,0.9082124177690825,0.24172162116349774,0.9007580655079551,0.4702248192278439,-0.6392325405034476,-0.15896324131584186,-0.2344017710548053,7
deeply,-0.6310426860980635,-0.8723797762852745,1.185766047270513,0.13981068581876904,0.9791718919150612,-0.11427231412425963,-1.4765658031567521,-0.12380158949005987,-0.10139140698713374,7
there,-0.8120457140890402,-1.2197974472047848,0.7183677198115016,0.12284963454616499,0.35143342459875965,-0.06454622679557291,-0.8197588171837985,0.07777052198407257,-0.10377117576750122,7
dark,-0.6155246019715033,-0.9604426096639289,0.10968913799940329,-0.5670955380559314,0.8352911418766714,-0.061268184143051935,-1.182772475591423,-0.0875536703602508,0.4528583533926461,7
know,-0.4029147861880956,-0.9334848852073118,1.1716545936375216,0.38716471314996637,0.8446374258963102,0.3666771706110673,-0.9351648009516488,-0.37859441360759233,-0.3538860638793717,7
on,-0.89247955024088,-1.0348412155896383,1.372146740137893,-0.21505050740649995,0.7229985210692433,0.20103946253174193,-0.9540440764635114,-0.232292681930862,-0.017752376153538328,7
snip,-0.37223954837626066,-0.8135380866142097,0.006141886888834205,-0.15020198736936732,0.327124601917516,0.12658369982980452,-1.1086035749376844,-0.09177144798383753,0.37247011282212994,7
snap,-0.48660147268577547,-0.5898114193328342,1.0741596588691906,-0.08224585335879166,0.199889353889987,-0.14840007370375874,-1.2691729731461572,-0.2795809128092273,0.6031538531325932,7
they,-0.7050814224818938,-0.9446109369894669,0.8850913888701061,0.30396770212358054,0.7774142881356801,0.4761935357121237,-0.8559980456093083,0.07712854629223233,-0.1696946080192562,7
ground,-0.7818656332356403,-1.2372682533654713,1.151428298686158,-0.1618182176602875,0.49582402451947877,-0.28011160107683497,-1.4378991309983198,-0.29466174122810396,-0.4590125553133783,7
poor,-0.2831240111897486,-1.3701007631522097,0.23784040420083927,-0.09889866260311214,0.6769737169221385,0.42686854790750556,-1.3324470838103404,-0.03259998903852869,0.12007989214775931,7
hook,-0.581650852924918,-1.442575772750567,0.624230415181144,-0.2111533607849696,0.016800177895729903,-0.027755718329923938,-0.4531432693508729,-0.4025222986810634,0.2541227622072605,7
find,-0.6618739379298416,-1.3236341107195815,0.7833796300362738,0.4027424997785685,0.24598791814735324,-0.13375245052783793,-0.4310046117869628,-0.4997117115325532,0.09573785571212003,7
wouldst,-0.5508440224069606,-1.092105361161769,1.2255369913605012,-0.10402126505580873,0.6049925196697504,-0.16297008145053626,-1.502363853129494,0.03758115138727469,-0.2046045729420421,7
beside,-0.5593476024742591,-0.935646614538234,-0.037264838031115896,0.07625733749476461,0.13576542359743432,0.23901331334423462,-1.031747826734939,-0.15286233203615723,0.17616240172694708,7
despair,-0.4729277300008145,-0.7528338875647649,1.0941833553176008,0.338764733479361,0.2453928977308224,0.14105843827639705,-1.0663979122402503,-0.19289516101517018,-0.43486052990275675,7
seemed,-0.47646676910144004,-0.8334606774104061,0.15393390815880392,0.033277906504102235,0.19684089517330003,0.08615764604208372,-1.0248797948454311,0.09060429541436023,0.05714141367496862,7
afterwards,-0.47983251223438933,-1.574408182620484,0.9872808308737571,-0.20187021234404307,0.1504746468003257,-0.0006887004568901817,-0.4901542706257738,-0.3830700486040774,0.19006994417993844,7
a,0.30834402205333966,-0.9334474442814678,1.0755617048423982,-0.48311197650148174,0.9046718243023049,-0.042420642678932245,-0.9434038135010255,-0.2749420755474285,-0.5975814088998855,8
At,-0.015011337694501687,-0.7652996735773016,1.000398098577311,-0.6535536865117065,0.6473724777226665,0.10488618025401313,-1.5398832748422921,-0.1777649440109934,-0.4281956059709201,8
hoped,-0.32195870386313336,-1.148698726211125,1.1216577838472583,-0.08903974989157497,0.5350039565065182,-0.06504233282372522,-1.5550010119783846,0.16943025822387736,-0.21430411707157448,8
about,-0.5606404158181614,-0.9848710195617464,0.6539626521972062,-0.4858612360910443,0.4900116677859444,-0.089460901038462,-1.2120737258387473,-0.24180974706834849,-0.9568383984791207,8
people,0.027152726205456813,-1.0558212457659961,0.3607484351651408,-0.3400876104949597,1.0079663037522066,0.1784658288472963,-1.0479018986214181,0.30181184283475704,-0.3145829556060955,8
seen,-0.11734647568074141,-1.0867864094659472,0.5939471744513481,-0.25403608368479175,0.6258693095712123,0.09448088995341923,-1.51295102517841,0.29642347139795144,-0.3252209561851067,8
most,0.21873720836948757,-0.6676220294720255,0.7181038481543565,-0.205149746883605,0.7764086798674134,-0.285685843678131,-0.5217911190291831,-0.11249149489789997,-0.5910265704644266,8
she,0.15727906717820467,-0.9326767218621119,0.46396202579382795,-0.4279252404103531,0.7625428019196324,0.0950240675562837,-1.0803249642333057,0.29014087403096483,-0.5512667804109818,8
rampion,-0.481529562337769,-1.1327437129790496,0.4218931716160236,-0.5390475452417992,0.5340331705965741,0.04908768509746608,-1.5109659653504945,0.03911158949725736,-0.2614572441694224,8
every,0.3627144253176734,-1.0597479236440785,0.5522359576270922,-0.4310641972014621,0.3984204978107904,0.02346202918480974,-1.4410018354410312,-0.455476362807046,-0.15519012482445274,8
get,-0.28394297439618094,-1.364840597190985,0.5354521561589878,-0.589049417224406,0.5992120642207011,-0.2726204756953408,-1.535847769756572,-0.5485235181765589,-0.6156834349179378,8
I,-0.3226158536790862,-1.1218390993049,0.9884412061508765,-0.5146889620355464,1.213907486576423,-0.39946696451690483,-1.465724297451622,-0.26778203291485775,-0.307053831985372,8
thyself,-0.1703638005004784,-1.4237047767377182,0.6330819571945887,-0.5397410511373414,0.5983011268235291,0.09988566026327289,-1.5876271424441413,-0.36992353599612,-0.4851516520333203,8
In,0.2629100341013614,-1.0652125511570827,0.8225903428927567,-0.5167205932321332,0.44003370320060864,-0.025573857353241577,-1.2130946623760952,0.0586527306942727,-0.5276374286532322,8
over,0.0004057505823248139,-0.9224010531164324,0.5171259028634062,-0.36416733865493717,0.9538557167324639,-0.04967424106448404,-1.1159225495814415,0.30763220826897436,-0.3920204031776691,8
took,-0.1547235175097195,-0.7492274997706321,0.4140897893156333,-0.3451858781370604,0.39610855871955936,-0.47385716361139063,-1.4122791278547147,-0.06685362993007284,-0.2608949523688934,8
his,-0.4025989765402517,-1.360786642020302,-0.09745887808758874,-0.4282760225268059,0.8451240594798359,-0.19480210264202058,-1.2084907230569428,-0.6015837310581351,-0.213437925936711,8
three,0.19252895764108963,-0.4815479235850425,0.46385312597666334,-0.47951851523944816,0.48631106424450543,-0.010538077838216855,-1.1145820341935826,0.017255511504342295,-0.2038473663213885,8
again;,0.2567597067607826,-0.6604920907177038,0.3394392477488019,-0.2778477007530757,0.5293342345858664,0.2406248801096641,-0.9537628494511626,-0.044130190416202454,-0.2937691462973367,8
How,-0.11368880315928266,-1.2558245891956068,0.6935253676055712,-0.30217249391556933,0.6592177855198902,0.03766169535212925,-1.1533981451099826,0.23640021502490452,-0.47988347883344296,8
thief,-0.592668107926792,-1.05422871141476,0.4803906199124723,-0.22725437879522856,0.1358023852602306,0.169169855648225,-1.4903840574277132,-0.3047360106122513,-0.7044391585087105,8
died,-0.28769713610233555,-1.382420283963014,0.44740073210027564,-0.5199310055686004,1.029849093118525,-0.01577865322879495,-1.4223710450497689,-0.02652006558302305,-0.2887440962472566,8
allowed,-0.15279092470022396,-1.0138541670678327,0.5256114618934706,-0.28843561236480575,0.8808561070367893,0.23392585241029978,-1.3861213102959093,0.3731128994490182,-0.2902701268975542,8
softened,0.054358275579316745,-1.319793503760869,0.7114488375009361,-0.43329831008668035,0.5818566425926247,0.009169499236780525,-1.3319878666206484,0.10144856386920523,-0.4077257726486903,8
give,-0.374661432317268,-0.8347677826620682,0.5232738119880511,-0.7500517569349082,0.5625472403596659,0.36223698386525954,-1.3058080398133545,-0.019341184278407267,-0.46931394473341853,8
name,-0.019338864184195188,-0.9801332060840662,1.0722729660031058,-0.27999962192166883,0.5236411400052221,-0.03236029965222234,-1.4781237464693087,0.1656319927024309,-0.39022145430453786,8
Rapunzel,0.1607794490827729,-0.9003531857498412,1.1359638350777936,-0.4313836217091809,0.6863910161548002,0.07450868125344966,-1.1879740889350485,-0.05620069615871909,-0.514153853059487,8
beneath,0.08832238111569776,-0.9018553225334585,0.3565964391659591,-0.21036765701163407,0.7129531862233843,0.19424933038861822,-1.0350784962050188,0.20668051185286046,-0.6505677524647542,8
ells,-0.03250874263681961,-0.5939022933997994,0.767727515814737,-0.8030387687074839,0.35607270335830915,-0.07459050446839505,-1.379621180978776,-0.261567795591407,-0.3519536549911718,8
King's,-0.3062505833382888,-0.773956254343881,0.9827238831572802,-0.0007097786872353601,1.229565885264368,-0.24401464341030346,-1.3357484710149687,-0.04174983328549073,-0.04728129390989917,8
song,0.4331851076023086,-0.8593045734640787,0.878900924659032,-0.39382484340893903,0.6890470120034976,-0.07455244050560707,-0.6817627438416782,-0.1587032732400144,-0.6533942871977056,8
time,-0.381835460752919,-0.7232390809935197,0.7719534371126238,-1.086810220505325,0.3978607049562718,0.2428586915322283,-1.2293327850758629,-0.5861223296998468,-0.5110218291525556,8
Once,-0.045732899709692576,-1.0014150038361942,0.8061850949648209,-0.015938161421895237,0.63567992900925,-0.06355353288264465,-1.4490484034193485,0.1811151071944049,-0.34405727646866596,8
told,-0.45088114769962306,-1.1033499655789745,0.257639305169975,-0.50509289649123,1.0811117508470354,0.2706185147385837,-1.1095864826952986,0.13431947873366554,-0.24991878938797873,8
stirred,-0.5177485336082162,-1.1445163660649793,0.788076832021005,-0.3661513871337057,0.895612024723876,-0.30803736186142167,-1.5667864500814495,-0.4489415366526549,-0.7443327433124961,8
love,-0.01764762574072651,-0.7090402284915615,0.7596763230346888,-0.4933063585961947,0.5134365816513181,-0.14359754186010598,-1.4913950079720122,0.03964884244886957,-0.5657711199599667,8
remarked,-0.5460133730930932,-0.9796704107752158,0.5308230438818532,-0.27651822899444833,0.16915158118935775,-0.24374332808536392,-1.5806620921851704,-0.11607149300372585,-0.44111069536577363,8
moment,0.10483978458124704,-0.7212718791254655,0.6890171528364654,-0.19159727817855962,1.12818567458728,-0.07533425921650505,-0.7324455469027736,-0.1983137652489799,-0.6518405058103585,8
pitiless,-0.4112451099598589,-1.2100318766015268,0.2668750406953172,-0.2795737503035207,0.38287280882534347,-0.27130543023505904,-1.5809579420140962,-0.09954955687124119,-0.22558867400929372,8
grief,-0.2996514772474113,-0.6643440541097781,0.841421589618091,-1.077345884375284,0.5098569190585538,0.14526516207833073,-1.2901686769484664,-0.4247432057945139,-0.287484352955421,8
cast,-0.307862294493769,-1.2210118073935499,0.8600937418774487,-0.3835927918568264,1.1160262533248508,-0.2754096109062975,-1.602916383316226,-0.18319862076607685,-0.44740587623963934,8
Aha,0.01634990262141137,-1.0127040782750503,0.33038588036664046,-0.18905795227298544,0.7513922640418931,0.06566657527880312,-1.125940787079528,0.12582801549896794,-0.6488312710871705,8
pain,-0.19966216607581141,-0.7894069264559036,1.0351252379379323,-0.5103424688572671,1.2275258292875537,-0.17711490571568253,-1.5231862838925811,-0.16652466347572847,-0.24012725842152355,8
life,0.08861579173541188,-0.9791651514743345,0.3665880907469413,-0.2894630536016596,0.878440761128796,0.16938945613687625,-1.054584813682195,0.26865647909447743,-0.545106093753718,8
loss,-0.10827886011082992,-0.9596577223991488,1.0673603805359495,-0.4946174626664206,1.2041857916506988,-0.33209017736206176,-1.4401817012318912,-0.1477977866804174,-0.3086924555743072,8
Thus,-0.31205474909154723,-0.9263475004595845,0.6425702360593627,-0.49592990100800133,0.31909941799399205,0.0883658442842032,-1.3266482320738948,-0.0866591777226455,-0.8849845681168278,8
wretchedness,0.0937727404915083,-0.7222811921361996,0.6871926418719813,-0.22544296930457394,0.6862285528225219,-0.2667001800583355,-0.7145693586715157,-0.07376117313190209,-0.7757402324434892,8
again,0.4954383627987611,-1.018534700475204,0.8808165367543042,-0.5622639155552018,0.6437214907957335,-0.02132919914371253,-0.7849609646821667,-0.23531609988874125,-0.46963818560988324,8
God,-0.9650890670900302,-0.8779903712563715,0.9545514214114897,-0.2740997131448782,0.7851324556723754,-0.5425451969424789,-0.9124527284428202,-1.1384844324890806,-0.6622801201071526,9
little,-0.45323660954748796,-0.767214691461889,0.3738150000118455,-0.3589504929155401,0.6519898702931926,-0.11747288698321,-1.0818211874739045,-0.979191774051954,-1.0060743327349038,9
window,-0.40177051413326353,-0.6174937266963029,0.5921415255339775,-0.11693699602482785,0.4440449439194497,-0.24464053238564998,-1.5785991806743596,-0.7531064046707198,-0.7499082104167003,9
at,-0.1270943296397643,-0.8690140101765338,0.0821463655272018,0.30463182492490765,0.9333751956522667,-0.2656506908215343,-0.8415313277725324,-1.1660963845538463,-0.28674695207588435,9
which,-0.5230136817245556,-0.7491559081246739,0.3263648519473875,0.015156225910321479,0.6242237425583395,-0.23672010155450685,-1.0882828773436228,-0.9382966842568425,-0.9854999010598088,9
by,-0.471240974834681,-0.6453677612401832,0.6920289915350675,0.07143572425886185,0.03457473387939723,-0.4948596313279124,-1.1661990215451628,-0.6924911566209504,-0.7637412098327502,9
it,-0.069346562551624,-1.0526898803073372,0.5527207010651956,0.016917405728062454,1.059424201392811,-0.7457108322333346,-1.1255559604426515,-0.9191796764076638,-0.34507417327222534,9
One,-0.699420256374729,-0.4646453052510181,0.8344832918585231,0.513866204404834,0.6450922681424762,-0.31610537899189356,-0.736260164075682,-0.9341152496863184,-0.5329113171939085,9
down,-0.7018024808667598,-0.8533703246841992,1.2599523228155267,0.32802384080701597,0.43349562096243033,-0.3774642011922359,-1.265592491846635,-1.0760122509592551,-0.3823957044772258,9
(rapunzel),-0.4227269748348844,-0.9897990107251149,1.3059883516124613,0.13276844155993678,1.1181397091136378,-0.3277158496430697,-0.9411097844171673,-0.4331668159940081,-0.3286806268826315,9
away,-0.6060750257653926,-1.2910065604386687,0.5776411002214344,-0.4331345665486798,0.6430856632877608,-0.39808667844491996,-1.2689591492255978,-0.7234323125835934,-0.8792816784252637,9
husband,-0.9790711369765074,-1.0009605574273464,0.7566990901675757,-0.1755080686954089,0.3747659996982923,-0.5587644765354522,-1.1077201208847571,-1.0547325140454706,-0.7412097069513095,9
die,-0.1664044775180862,-0.5004545328747683,0.7417584600938696,0.31885085104218214,1.1436988159447457,-0.5693721750341965,-0.7872589720308183,-0.8289540767646789,-0.47438934298535446,9
cost,-0.159621809521531,-0.48418822672915557,0.5607380961463094,0.3364060645688736,1.0551583199178571,-0.36420967647301095,-0.8152442113047516,-0.979706571726472,-0.6456790145387089,9
himself,-0.580786433797374,-0.7249077716738529,1.0535913161957327,-0.19186493881032637,0.9466599189943387,-0.6632668883758593,-0.8479735365066302,-1.2432445117919986,-0.5131747898878923,9
look,0.0852894804773945,-0.9946406408459133,1.1389443586247345,-0.14816655913141633,0.8105337820448479,-0.8306193106216243,-0.6785218837135388,-1.0534717018558644,-0.15735223372578191,9
only,-0.5204623788215275,-0.48170743764463775,0.6272242572257878,0.35082153634636476,1.0406781020125373,-0.41250744747936824,-0.6635851619964709,-0.9913556231037176,-0.5419263082097838,9
longing,0.01617904954194309,-0.6302657057153939,0.7384100936764523,-0.055426879126536564,1.3258013607005923,0.047582219988240096,-0.9541017546607731,-0.7214670279990462,-0.6671038642345284,9
wilt,-0.7267167321500902,-0.518911309591159,0.8499615472825247,0.5554087337502825,0.7181743697835519,-0.3776611465022258,-0.8266397463694998,-1.0417725091165244,-0.44747477791687057,9
old,0.06467342868458634,-0.716210746139586,1.0410076695334372,-0.038612481882586216,1.1357556763584395,-0.7995928319327572,-0.9959946274608594,-1.005054171985517,-0.1737045330184843,9
neither,-0.8375405595930847,-0.9224111593890784,0.8811251675589398,-0.11380365739220587,0.24421084989126413,-0.4078463823073679,-1.167055550869373,-0.829557508901884,-0.8682923184604081,9
wound,-0.7985498906143876,-0.7124666246656389,1.1121977208125406,0.4998829135862896,0.5991809598933744,-0.2707580141060642,-1.083242424404511,-1.149333193144158,-0.2463798075931413,9
them,-0.3104801686613218,-0.6929103412918751,0.6701786870829101,-0.2537857600697033,1.2385575504705946,-0.08954067198801327,-1.2282766909299203,-0.9089110127256685,-0.7892526881409164,9
After,-0.017307240436519794,-0.3817064779483926,0.7526128496663697,0.4108180760177045,0.4616841871700258,-0.4921814911011766,-0.8365745273152361,-1.071424785815346,-0.3057670986993516,9
or,-0.44526601146276445,-1.3740944362650875,0.35279370041377595,-0.624861371916795,0.6475725330202831,-0.21243211837098988,-1.2616943620026277,-0.8333056923524259,-0.7234911400050729,9
resound,-0.4158248128692059,-0.584509890939402,0.5125089028744215,0.4189792324742328,0.9693047878632797,-0.26440789222652544,-0.7549043842801012,-1.2787858400124472,-0.5014080475716074,9
fortune,-0.40928765805841816,-0.6323115113256639,0.5994525029507245,0.049225882438299534,0.38523884725110236,-0.3298906996972972,-1.377103003056695,-0.7131139313970012,-0.9345708548251956,9
grow,-0.4966915566355767,-0.939640180485617,0.9026795808755376,-0.06844657809614826,0.7776567233638343,-0.6079856348190641,-1.4494079324404996,-0.6810502945057825,-0.7807496045476447,9
skein,-0.6875158560038226,-0.9557389689116197,1.2729185478265694,0.33651249147798673,0.7628360479243682,-0.23986900463445282,-1.3181120732797533,-0.6267409875168003,-0.3474746273976672,9
should,-0.02468726139115255,-0.4938050080000067,0.9654551636160768,0.06353131949915133,1.2215769078033258,-0.6889796475287083,-0.7959853744806448,-1.1052263918981373,-0.35922398285568613,9
nothing,-0.0176149861783277,-1.2534139271965337,0.2755181883354196,-0.32898027659424656,1.1150064403700575,-0.3901582864364674,-1.1368627750972937,-0.8934640284543321,-0.3866693289842466,9
you,-0.4443055703838321,-0.7792111849500587,0.3489108802272914,0.050551329959885156,0.695393577810625,-0.08861573045856228,-0.9875118666306993,-1.2783074883879324,-0.8302504199872861,9
heavier,-0.5323504481723456,-1.291168695059114,0.5182507062604742,-0.558189864427837,0.4446471518520799,-0.06502324068089847,-1.0375106632374314,-1.0075898986635738,-0.7625035759136304,9
twice,-0.3565325586423149,-0.7728746821547117,0.6534256831021772,-0.21713896169488142,0.5243040370871185,-0.5159995957618712,-1.5947098486658058,-0.4765795459707321,-0.5908065014555284,9
desert,-0.16793166706162913,-0.8264354601318712,0.3428323192617818,-0.18850246652161662,0.7862448247092979,-0.13789883150025983,-1.0207401985660025,-1.0095846468864993,-0.9328419728369322,9
dearest,-0.3725833278154199,-0.12275225197966948,0.8500783658358834,0.04624094754736077,0.36471172729855234,-0.1686468418739436,-0.4911922280577929,-0.8012904047275673,-0.5403547130579611,9
nest;,-0.4813153824031893,-0.8224873628673908,0.8832741767756902,-0.09913554216479063,0.5570322656907201,-0.45318786940140854,-1.5940159646468028,-0.8178373571692098,-0.7555197607380995,9
wandered,0.080040897563951,-0.9305804087880384,0.9510701701903588,-0.09050471042964342,1.097090294060036,-0.8739597344586885,-0.9871220546903179,-0.9857527131149838,-0.2062685269017953,9
roamed,0.1035974551130789,-0.5009635799001223,1.1052984262506593,0.08165889310921583,1.031730058988748,-0.6561032321795301,-0.7917918859477219,-1.1913404757919983,-0.06989926120091404,9
